<?xml version="1.0" encoding="UTF-8"?>
<!-- IMPORTANT: This is an internal file that has been generated
     by the Xilinx ISE software.  Any direct editing or
     changes made to this file may result in unpredictable
     behavior or data corruption.  It is strongly advised that
     users do not edit the contents of this file. -->
<DeviceUsageSummary rev="2">
<DesignStatistics TimeStamp="Thu Feb 16 15:42:30 2017"><group name="NetStatistics">
<item name="NumNets_Active" rev="2">
<attrib name="value" value="1811"/></item>
<item name="NumNets_Gnd" rev="2">
<attrib name="value" value="1"/></item>
<item name="NumNets_Vcc" rev="2">
<attrib name="value" value="1"/></item>
<item name="NumNodesOfType_Active_BRAMADDR" rev="2">
<attrib name="value" value="123"/></item>
<item name="NumNodesOfType_Active_BRAMDUMMY" rev="2">
<attrib name="value" value="25"/></item>
<item name="NumNodesOfType_Active_CLKPIN" rev="2">
<attrib name="value" value="516"/></item>
<item name="NumNodesOfType_Active_CNTRLPIN" rev="2">
<attrib name="value" value="258"/></item>
<item name="NumNodesOfType_Active_DOUBLE" rev="2">
<attrib name="value" value="2488"/></item>
<item name="NumNodesOfType_Active_DUMMY" rev="2">
<attrib name="value" value="3033"/></item>
<item name="NumNodesOfType_Active_DUMMYBANK" rev="2">
<attrib name="value" value="92"/></item>
<item name="NumNodesOfType_Active_DUMMYESC" rev="2">
<attrib name="value" value="1"/></item>
<item name="NumNodesOfType_Active_GLOBAL" rev="2">
<attrib name="value" value="165"/></item>
<item name="NumNodesOfType_Active_HFULLHEX" rev="2">
<attrib name="value" value="17"/></item>
<item name="NumNodesOfType_Active_HLONG" rev="2">
<attrib name="value" value="2"/></item>
<item name="NumNodesOfType_Active_HUNIHEX" rev="2">
<attrib name="value" value="61"/></item>
<item name="NumNodesOfType_Active_INPUT" rev="2">
<attrib name="value" value="3824"/></item>
<item name="NumNodesOfType_Active_IOBOUTPUT" rev="2">
<attrib name="value" value="1"/></item>
<item name="NumNodesOfType_Active_OMUX" rev="2">
<attrib name="value" value="1702"/></item>
<item name="NumNodesOfType_Active_OUTPUT" rev="2">
<attrib name="value" value="1743"/></item>
<item name="NumNodesOfType_Active_PREBXBY" rev="2">
<attrib name="value" value="961"/></item>
<item name="NumNodesOfType_Active_VFULLHEX" rev="2">
<attrib name="value" value="108"/></item>
<item name="NumNodesOfType_Active_VLONG" rev="2">
<attrib name="value" value="15"/></item>
<item name="NumNodesOfType_Active_VUNIHEX" rev="2">
<attrib name="value" value="177"/></item>
<item name="NumNodesOfType_Vcc_CNTRLPIN" rev="2">
<attrib name="value" value="6"/></item>
<item name="NumNodesOfType_Vcc_DUMMY" rev="2">
<attrib name="value" value="1"/></item>
<item name="NumNodesOfType_Vcc_INPUT" rev="2">
<attrib name="value" value="22"/></item>
<item name="NumNodesOfType_Vcc_PREBXBY" rev="2">
<attrib name="value" value="21"/></item>
<item name="NumNodesOfType_Vcc_VCCOUT" rev="2">
<attrib name="value" value="24"/></item>
</group>
<group name="SiteStatistics">
<item name="IBUF-DIFFSI" rev="2">
<attrib name="value" value="1"/></item>
<item name="IOB-DIFFM" rev="2">
<attrib name="value" value="32"/></item>
<item name="IOB-DIFFS" rev="2">
<attrib name="value" value="32"/></item>
<item name="SLICEL-SLICEM" rev="2">
<attrib name="value" value="283"/></item>
</group>
<group name="MiscellaneousStatistics">
<item name="AGG_BONDED_IO" rev="1">
<attrib name="value" value="71"/></item>
<item name="AGG_IO" rev="1">
<attrib name="value" value="71"/></item>
<item name="AGG_SLICE" rev="1">
<attrib name="value" value="781"/></item>
<item name="NUM_4_INPUT_LUT" rev="1">
<attrib name="value" value="1222"/></item>
<item name="NUM_BONDED_IBUF" rev="1">
<attrib name="value" value="1"/></item>
<item name="NUM_BONDED_IOB" rev="1">
<attrib name="value" value="70"/></item>
<item name="NUM_BUFGMUX" rev="1">
<attrib name="value" value="6"/></item>
<item name="NUM_CYMUX" rev="1">
<attrib name="value" value="729"/></item>
<item name="NUM_IOB_LATCH" rev="1">
<attrib name="value" value="42"/></item>
<item name="NUM_LUT_RT" rev="1">
<attrib name="value" value="446"/></item>
<item name="NUM_MULTAND" rev="1">
<attrib name="value" value="3"/></item>
<item name="NUM_RAMB16" rev="1">
<attrib name="value" value="9"/></item>
<item name="NUM_SLICEL" rev="1">
<attrib name="value" value="781"/></item>
<item name="NUM_SLICE_FF" rev="1">
<attrib name="value" value="764"/></item>
<item name="NUM_SLICE_LATCH" rev="1">
<attrib name="value" value="66"/></item>
<item name="NUM_XOR" rev="1">
<attrib name="value" value="597"/></item>
<item name="Xilinx Core blk_mem_gen_v7_3, Xilinx CORE Generator 14.7" rev="1">
<attrib name="value" value="1"/></item>
<item name="Xilinx Core div_gen_v3_0, Xilinx CORE Generator 14.7" rev="1">
<attrib name="value" value="1"/></item>
</group>
</DesignStatistics>
<DeviceUsage TimeStamp="Thu Feb 16 15:42:30 2017"><group name="SiteSummary">
<item name="BUFGMUX" rev="2">
<attrib name="total" value="1000000"/><attrib name="used" value="6"/></item>
<item name="BUFGMUX_GCLKMUX" rev="2">
<attrib name="total" value="1000000"/><attrib name="used" value="6"/></item>
<item name="BUFGMUX_GCLK_BUFFER" rev="2">
<attrib name="total" value="1000000"/><attrib name="used" value="6"/></item>
<item name="IBUF" rev="2">
<attrib name="total" value="1000000"/><attrib name="used" value="1"/></item>
<item name="IBUF_INBUF" rev="2">
<attrib name="total" value="1000000"/><attrib name="used" value="1"/></item>
<item name="IBUF_PAD" rev="2">
<attrib name="total" value="1000000"/><attrib name="used" value="1"/></item>
<item name="IOB" rev="2">
<attrib name="total" value="1000000"/><attrib name="used" value="70"/></item>
<item name="IOB_OFF1" rev="2">
<attrib name="total" value="1000000"/><attrib name="used" value="42"/></item>
<item name="IOB_OUTBUF" rev="2">
<attrib name="total" value="1000000"/><attrib name="used" value="70"/></item>
<item name="IOB_PAD" rev="2">
<attrib name="total" value="1000000"/><attrib name="used" value="70"/></item>
<item name="RAMB16" rev="2">
<attrib name="total" value="1000000"/><attrib name="used" value="9"/></item>
<item name="RAMB16_RAMB16" rev="2">
<attrib name="total" value="1000000"/><attrib name="used" value="9"/></item>
<item name="RAMB16_RAMB16A" rev="2">
<attrib name="total" value="1000000"/><attrib name="used" value="9"/></item>
<item name="RAMB16_RAMB16B" rev="2">
<attrib name="total" value="1000000"/><attrib name="used" value="9"/></item>
<item name="SLICEL" rev="2">
<attrib name="total" value="1000000"/><attrib name="used" value="781"/></item>
<item name="SLICEL_C1VDD" rev="2">
<attrib name="total" value="1000000"/><attrib name="used" value="15"/></item>
<item name="SLICEL_C2VDD" rev="2">
<attrib name="total" value="1000000"/><attrib name="used" value="4"/></item>
<item name="SLICEL_CYMUXF" rev="2">
<attrib name="total" value="1000000"/><attrib name="used" value="376"/></item>
<item name="SLICEL_CYMUXG" rev="2">
<attrib name="total" value="1000000"/><attrib name="used" value="353"/></item>
<item name="SLICEL_F" rev="2">
<attrib name="total" value="1000000"/><attrib name="used" value="614"/></item>
<item name="SLICEL_F5MUX" rev="2">
<attrib name="total" value="1000000"/><attrib name="used" value="4"/></item>
<item name="SLICEL_FAND" rev="2">
<attrib name="total" value="1000000"/><attrib name="used" value="2"/></item>
<item name="SLICEL_FFX" rev="2">
<attrib name="total" value="1000000"/><attrib name="used" value="394"/></item>
<item name="SLICEL_FFY" rev="2">
<attrib name="total" value="1000000"/><attrib name="used" value="436"/></item>
<item name="SLICEL_G" rev="2">
<attrib name="total" value="1000000"/><attrib name="used" value="608"/></item>
<item name="SLICEL_GAND" rev="2">
<attrib name="total" value="1000000"/><attrib name="used" value="1"/></item>
<item name="SLICEL_GNDF" rev="2">
<attrib name="total" value="1000000"/><attrib name="used" value="294"/></item>
<item name="SLICEL_GNDG" rev="2">
<attrib name="total" value="1000000"/><attrib name="used" value="286"/></item>
<item name="SLICEL_VDDF" rev="2">
<attrib name="total" value="1000000"/><attrib name="used" value="1"/></item>
<item name="SLICEL_VDDG" rev="2">
<attrib name="total" value="1000000"/><attrib name="used" value="1"/></item>
<item name="SLICEL_XORF" rev="2">
<attrib name="total" value="1000000"/><attrib name="used" value="305"/></item>
<item name="SLICEL_XORG" rev="2">
<attrib name="total" value="1000000"/><attrib name="used" value="292"/></item>
</group>
</DeviceUsage>
<ReportConfigData TimeStamp="Thu Feb 16 15:42:30 2017"><group name="SLICEL_CYMUXF">
<item name="0" rev="2">
<attrib name="0" value="375"/><attrib name="0_INV" value="0"/></item>
<item name="1" rev="2">
<attrib name="1_INV" value="11"/><attrib name="1" value="365"/></item>
</group>
<group name="SLICEL_CYMUXG">
<item name="0" rev="2">
<attrib name="0" value="352"/><attrib name="0_INV" value="0"/></item>
</group>
<group name="IBUF_PAD">
<item name="IOATTRBOX" rev="2">
<attrib name="LVCMOS25" value="1"/></item>
</group>
<group name="SLICEL">
<item name="BX" rev="2">
<attrib name="BX_INV" value="18"/><attrib name="BX" value="136"/></item>
<item name="BY" rev="2">
<attrib name="BY" value="155"/><attrib name="BY_INV" value="6"/></item>
<item name="CE" rev="2">
<attrib name="CE" value="72"/><attrib name="CE_INV" value="122"/></item>
<item name="CIN" rev="2">
<attrib name="CIN_INV" value="0"/><attrib name="CIN" value="333"/></item>
<item name="CLK" rev="2">
<attrib name="CLK" value="436"/><attrib name="CLK_INV" value="29"/></item>
<item name="SR" rev="2">
<attrib name="SR" value="64"/><attrib name="SR_INV" value="0"/></item>
</group>
<group name="RAMB16">
<item name="CLKA" rev="2">
<attrib name="CLKA_INV" value="0"/><attrib name="CLKA" value="9"/></item>
<item name="CLKB" rev="2">
<attrib name="CLKB_INV" value="0"/><attrib name="CLKB" value="9"/></item>
<item name="ENA" rev="2">
<attrib name="ENA_INV" value="8"/><attrib name="ENA" value="1"/></item>
<item name="ENB" rev="2">
<attrib name="ENB_INV" value="0"/><attrib name="ENB" value="9"/></item>
<item name="SSRA" rev="2">
<attrib name="SSRA_INV" value="0"/><attrib name="SSRA" value="9"/></item>
<item name="SSRB" rev="2">
<attrib name="SSRB_INV" value="0"/><attrib name="SSRB" value="9"/></item>
<item name="WEA" rev="2">
<attrib name="WEA" value="9"/><attrib name="WEA_INV" value="0"/></item>
<item name="WEB" rev="2">
<attrib name="WEB" value="9"/><attrib name="WEB_INV" value="0"/></item>
</group>
<group name="IOB_OFF1">
<item name="CK" rev="2">
<attrib name="CK" value="0"/><attrib name="CK_INV" value="42"/></item>
<item name="D" rev="2">
<attrib name="D" value="42"/><attrib name="D_INV" value="0"/></item>
<item name="LATCH_OR_FF" rev="2">
<attrib name="LATCH" value="42"/></item>
<item name="OFF1_INIT_ATTR" rev="2">
<attrib name="INIT0" value="42"/></item>
</group>
<group name="IOB_OUTBUF">
<item name="IN" rev="2">
<attrib name="IN_INV" value="0"/><attrib name="IN" value="70"/></item>
</group>
<group name="RAMB16_RAMB16A">
<item name="CLKA" rev="2">
<attrib name="CLKA_INV" value="0"/><attrib name="CLKA" value="9"/></item>
<item name="ENA" rev="2">
<attrib name="ENA_INV" value="8"/><attrib name="ENA" value="1"/></item>
<item name="PORTA_ATTR" rev="2">
<attrib name="16384X1" value="8"/><attrib name="2048X9" value="1"/></item>
<item name="SSRA" rev="2">
<attrib name="SSRA_INV" value="0"/><attrib name="SSRA" value="9"/></item>
<item name="WEA" rev="2">
<attrib name="WEA" value="9"/><attrib name="WEA_INV" value="0"/></item>
<item name="WRITEMODEA" rev="2">
<attrib name="WRITE_FIRST" value="9"/></item>
</group>
<group name="RAMB16_RAMB16B">
<item name="CLKB" rev="2">
<attrib name="CLKB_INV" value="0"/><attrib name="CLKB" value="9"/></item>
<item name="ENB" rev="2">
<attrib name="ENB_INV" value="0"/><attrib name="ENB" value="9"/></item>
<item name="PORTB_ATTR" rev="2">
<attrib name="16384X1" value="8"/><attrib name="2048X9" value="1"/></item>
<item name="SSRB" rev="2">
<attrib name="SSRB_INV" value="0"/><attrib name="SSRB" value="9"/></item>
<item name="WEB" rev="2">
<attrib name="WEB" value="9"/><attrib name="WEB_INV" value="0"/></item>
<item name="WRITEMODEB" rev="2">
<attrib name="WRITE_FIRST" value="9"/></item>
</group>
<group name="SLICEL_FFX">
<item name="CE" rev="2">
<attrib name="CE" value="65"/><attrib name="CE_INV" value="119"/></item>
<item name="CK" rev="2">
<attrib name="CK" value="365"/><attrib name="CK_INV" value="29"/></item>
<item name="D" rev="2">
<attrib name="D" value="387"/><attrib name="D_INV" value="7"/></item>
<item name="FFX_INIT_ATTR" rev="2">
<attrib name="INIT0" value="338"/><attrib name="INIT1" value="56"/></item>
<item name="FFX_SR_ATTR" rev="2">
<attrib name="SRLOW" value="394"/></item>
<item name="LATCH_OR_FF" rev="2">
<attrib name="FF" value="360"/><attrib name="LATCH" value="34"/></item>
<item name="SR" rev="2">
<attrib name="SR" value="62"/><attrib name="SR_INV" value="0"/></item>
<item name="SYNC_ATTR" rev="2">
<attrib name="ASYNC" value="332"/><attrib name="SYNC" value="62"/></item>
</group>
<group name="SLICEL_XORF">
<item name="1" rev="2">
<attrib name="1_INV" value="11"/><attrib name="1" value="294"/></item>
</group>
<group name="SLICEL_FFY">
<item name="CE" rev="2">
<attrib name="CE" value="70"/><attrib name="CE_INV" value="105"/></item>
<item name="CK" rev="2">
<attrib name="CK" value="407"/><attrib name="CK_INV" value="29"/></item>
<item name="D" rev="2">
<attrib name="D" value="430"/><attrib name="D_INV" value="6"/></item>
<item name="FFY_INIT_ATTR" rev="2">
<attrib name="INIT0" value="365"/><attrib name="INIT1" value="71"/></item>
<item name="FFY_SR_ATTR" rev="2">
<attrib name="SRLOW" value="435"/><attrib name="SRHIGH" value="1"/></item>
<item name="LATCH_OR_FF" rev="2">
<attrib name="FF" value="404"/><attrib name="LATCH" value="32"/></item>
<item name="SR" rev="2">
<attrib name="SR" value="64"/><attrib name="SR_INV" value="0"/></item>
<item name="SYNC_ATTR" rev="2">
<attrib name="ASYNC" value="372"/><attrib name="SYNC" value="64"/></item>
</group>
<group name="BUFGMUX_GCLKMUX">
<item name="DISABLE_ATTR" rev="2">
<attrib name="LOW" value="6"/></item>
<item name="S" rev="2">
<attrib name="S_INV" value="6"/><attrib name="S" value="0"/></item>
</group>
<group name="SLICEL_F5MUX">
<item name="S0" rev="2">
<attrib name="S0" value="4"/><attrib name="S0_INV" value="0"/></item>
</group>
<group name="IOB_PAD">
<item name="DRIVEATTRBOX" rev="2">
<attrib name="12" value="70"/></item>
<item name="IOATTRBOX" rev="2">
<attrib name="LVCMOS25" value="70"/></item>
<item name="SLEW" rev="2">
<attrib name="SLOW" value="70"/></item>
</group>
<group name="IOB">
<item name="O1" rev="2">
<attrib name="O1_INV" value="0"/><attrib name="O1" value="70"/></item>
<item name="OTCLK1" rev="2">
<attrib name="OTCLK1_INV" value="42"/><attrib name="OTCLK1" value="0"/></item>
</group>
<group name="BUFGMUX">
<item name="S" rev="2">
<attrib name="S_INV" value="6"/><attrib name="S" value="0"/></item>
</group>
</ReportConfigData>
<ReportPinData TimeStamp="Thu Feb 16 15:42:30 2017"><group name="SLICEL_CYMUXF">
<item name="0" rev="2">
<attrib name="value" value="375"/></item>
<item name="1" rev="2">
<attrib name="value" value="376"/></item>
<item name="OUT" rev="2">
<attrib name="value" value="376"/></item>
<item name="S0" rev="2">
<attrib name="value" value="376"/></item>
</group>
<group name="SLICEL_CYMUXG">
<item name="0" rev="2">
<attrib name="value" value="352"/></item>
<item name="1" rev="2">
<attrib name="value" value="353"/></item>
<item name="OUT" rev="2">
<attrib name="value" value="353"/></item>
<item name="S0" rev="2">
<attrib name="value" value="353"/></item>
</group>
<group name="IBUF_PAD">
<item name="PAD" rev="2">
<attrib name="value" value="1"/></item>
</group>
<group name="IBUF_INBUF">
<item name="IN" rev="2">
<attrib name="value" value="1"/></item>
<item name="OUT" rev="2">
<attrib name="value" value="1"/></item>
</group>
<group name="BUFGMUX_GCLK_BUFFER">
<item name="IN" rev="2">
<attrib name="value" value="6"/></item>
<item name="OUT" rev="2">
<attrib name="value" value="6"/></item>
</group>
<group name="SLICEL">
<item name="BX" rev="2">
<attrib name="value" value="154"/></item>
<item name="BY" rev="2">
<attrib name="value" value="161"/></item>
<item name="CE" rev="2">
<attrib name="value" value="194"/></item>
<item name="CIN" rev="2">
<attrib name="value" value="333"/></item>
<item name="CLK" rev="2">
<attrib name="value" value="465"/></item>
<item name="COUT" rev="2">
<attrib name="value" value="353"/></item>
<item name="F1" rev="2">
<attrib name="value" value="613"/></item>
<item name="F2" rev="2">
<attrib name="value" value="368"/></item>
<item name="F3" rev="2">
<attrib name="value" value="293"/></item>
<item name="F4" rev="2">
<attrib name="value" value="210"/></item>
<item name="G1" rev="2">
<attrib name="value" value="603"/></item>
<item name="G2" rev="2">
<attrib name="value" value="370"/></item>
<item name="G3" rev="2">
<attrib name="value" value="317"/></item>
<item name="G4" rev="2">
<attrib name="value" value="228"/></item>
<item name="SR" rev="2">
<attrib name="value" value="64"/></item>
<item name="X" rev="2">
<attrib name="value" value="257"/></item>
<item name="XB" rev="2">
<attrib name="value" value="8"/></item>
<item name="XQ" rev="2">
<attrib name="value" value="394"/></item>
<item name="Y" rev="2">
<attrib name="value" value="269"/></item>
<item name="YQ" rev="2">
<attrib name="value" value="436"/></item>
</group>
<group name="RAMB16">
<item name="ADDRA0" rev="2">
<attrib name="value" value="8"/></item>
<item name="ADDRA1" rev="2">
<attrib name="value" value="8"/></item>
<item name="ADDRA10" rev="2">
<attrib name="value" value="9"/></item>
<item name="ADDRA11" rev="2">
<attrib name="value" value="9"/></item>
<item name="ADDRA12" rev="2">
<attrib name="value" value="9"/></item>
<item name="ADDRA13" rev="2">
<attrib name="value" value="9"/></item>
<item name="ADDRA2" rev="2">
<attrib name="value" value="8"/></item>
<item name="ADDRA3" rev="2">
<attrib name="value" value="9"/></item>
<item name="ADDRA4" rev="2">
<attrib name="value" value="9"/></item>
<item name="ADDRA5" rev="2">
<attrib name="value" value="9"/></item>
<item name="ADDRA6" rev="2">
<attrib name="value" value="9"/></item>
<item name="ADDRA7" rev="2">
<attrib name="value" value="9"/></item>
<item name="ADDRA8" rev="2">
<attrib name="value" value="9"/></item>
<item name="ADDRA9" rev="2">
<attrib name="value" value="9"/></item>
<item name="ADDRB0" rev="2">
<attrib name="value" value="8"/></item>
<item name="ADDRB1" rev="2">
<attrib name="value" value="8"/></item>
<item name="ADDRB10" rev="2">
<attrib name="value" value="9"/></item>
<item name="ADDRB11" rev="2">
<attrib name="value" value="9"/></item>
<item name="ADDRB12" rev="2">
<attrib name="value" value="9"/></item>
<item name="ADDRB13" rev="2">
<attrib name="value" value="9"/></item>
<item name="ADDRB2" rev="2">
<attrib name="value" value="8"/></item>
<item name="ADDRB3" rev="2">
<attrib name="value" value="9"/></item>
<item name="ADDRB4" rev="2">
<attrib name="value" value="9"/></item>
<item name="ADDRB5" rev="2">
<attrib name="value" value="9"/></item>
<item name="ADDRB6" rev="2">
<attrib name="value" value="9"/></item>
<item name="ADDRB7" rev="2">
<attrib name="value" value="9"/></item>
<item name="ADDRB8" rev="2">
<attrib name="value" value="9"/></item>
<item name="ADDRB9" rev="2">
<attrib name="value" value="9"/></item>
<item name="CLKA" rev="2">
<attrib name="value" value="9"/></item>
<item name="CLKB" rev="2">
<attrib name="value" value="9"/></item>
<item name="DIB0" rev="2">
<attrib name="value" value="9"/></item>
<item name="DIB1" rev="2">
<attrib name="value" value="1"/></item>
<item name="DIB2" rev="2">
<attrib name="value" value="1"/></item>
<item name="DIB3" rev="2">
<attrib name="value" value="1"/></item>
<item name="DIB4" rev="2">
<attrib name="value" value="1"/></item>
<item name="DIB5" rev="2">
<attrib name="value" value="1"/></item>
<item name="DIB6" rev="2">
<attrib name="value" value="1"/></item>
<item name="DIB7" rev="2">
<attrib name="value" value="1"/></item>
<item name="DIPB0" rev="2">
<attrib name="value" value="1"/></item>
<item name="DOA0" rev="2">
<attrib name="value" value="9"/></item>
<item name="DOA1" rev="2">
<attrib name="value" value="1"/></item>
<item name="DOA2" rev="2">
<attrib name="value" value="1"/></item>
<item name="DOA3" rev="2">
<attrib name="value" value="1"/></item>
<item name="DOA4" rev="2">
<attrib name="value" value="1"/></item>
<item name="DOA5" rev="2">
<attrib name="value" value="1"/></item>
<item name="DOA6" rev="2">
<attrib name="value" value="1"/></item>
<item name="DOA7" rev="2">
<attrib name="value" value="1"/></item>
<item name="ENA" rev="2">
<attrib name="value" value="9"/></item>
<item name="ENB" rev="2">
<attrib name="value" value="9"/></item>
<item name="SSRA" rev="2">
<attrib name="value" value="9"/></item>
<item name="SSRB" rev="2">
<attrib name="value" value="9"/></item>
<item name="WEA" rev="2">
<attrib name="value" value="9"/></item>
<item name="WEB" rev="2">
<attrib name="value" value="9"/></item>
</group>
<group name="IOB_OFF1">
<item name="CK" rev="2">
<attrib name="value" value="42"/></item>
<item name="D" rev="2">
<attrib name="value" value="42"/></item>
<item name="Q" rev="2">
<attrib name="value" value="42"/></item>
</group>
<group name="IOB_OUTBUF">
<item name="IN" rev="2">
<attrib name="value" value="70"/></item>
<item name="OUT" rev="2">
<attrib name="value" value="70"/></item>
</group>
<group name="RAMB16_RAMB16A">
<item name="ADDRA" rev="2">
<attrib name="value" value="9"/></item>
<item name="ADDRA0" rev="2">
<attrib name="value" value="8"/></item>
<item name="ADDRA1" rev="2">
<attrib name="value" value="8"/></item>
<item name="ADDRA10" rev="2">
<attrib name="value" value="9"/></item>
<item name="ADDRA11" rev="2">
<attrib name="value" value="9"/></item>
<item name="ADDRA12" rev="2">
<attrib name="value" value="9"/></item>
<item name="ADDRA13" rev="2">
<attrib name="value" value="9"/></item>
<item name="ADDRA2" rev="2">
<attrib name="value" value="8"/></item>
<item name="ADDRA3" rev="2">
<attrib name="value" value="9"/></item>
<item name="ADDRA4" rev="2">
<attrib name="value" value="9"/></item>
<item name="ADDRA5" rev="2">
<attrib name="value" value="9"/></item>
<item name="ADDRA6" rev="2">
<attrib name="value" value="9"/></item>
<item name="ADDRA7" rev="2">
<attrib name="value" value="9"/></item>
<item name="ADDRA8" rev="2">
<attrib name="value" value="9"/></item>
<item name="ADDRA9" rev="2">
<attrib name="value" value="9"/></item>
<item name="CLKA" rev="2">
<attrib name="value" value="9"/></item>
<item name="DIA" rev="2">
<attrib name="value" value="9"/></item>
<item name="DOA" rev="2">
<attrib name="value" value="9"/></item>
<item name="DOA0" rev="2">
<attrib name="value" value="9"/></item>
<item name="DOA1" rev="2">
<attrib name="value" value="1"/></item>
<item name="DOA2" rev="2">
<attrib name="value" value="1"/></item>
<item name="DOA3" rev="2">
<attrib name="value" value="1"/></item>
<item name="DOA4" rev="2">
<attrib name="value" value="1"/></item>
<item name="DOA5" rev="2">
<attrib name="value" value="1"/></item>
<item name="DOA6" rev="2">
<attrib name="value" value="1"/></item>
<item name="DOA7" rev="2">
<attrib name="value" value="1"/></item>
<item name="ENA" rev="2">
<attrib name="value" value="9"/></item>
<item name="SSRA" rev="2">
<attrib name="value" value="9"/></item>
<item name="WEA" rev="2">
<attrib name="value" value="9"/></item>
</group>
<group name="RAMB16_RAMB16B">
<item name="ADDRB" rev="2">
<attrib name="value" value="9"/></item>
<item name="ADDRB0" rev="2">
<attrib name="value" value="8"/></item>
<item name="ADDRB1" rev="2">
<attrib name="value" value="8"/></item>
<item name="ADDRB10" rev="2">
<attrib name="value" value="9"/></item>
<item name="ADDRB11" rev="2">
<attrib name="value" value="9"/></item>
<item name="ADDRB12" rev="2">
<attrib name="value" value="9"/></item>
<item name="ADDRB13" rev="2">
<attrib name="value" value="9"/></item>
<item name="ADDRB2" rev="2">
<attrib name="value" value="8"/></item>
<item name="ADDRB3" rev="2">
<attrib name="value" value="9"/></item>
<item name="ADDRB4" rev="2">
<attrib name="value" value="9"/></item>
<item name="ADDRB5" rev="2">
<attrib name="value" value="9"/></item>
<item name="ADDRB6" rev="2">
<attrib name="value" value="9"/></item>
<item name="ADDRB7" rev="2">
<attrib name="value" value="9"/></item>
<item name="ADDRB8" rev="2">
<attrib name="value" value="9"/></item>
<item name="ADDRB9" rev="2">
<attrib name="value" value="9"/></item>
<item name="CLKB" rev="2">
<attrib name="value" value="9"/></item>
<item name="DIB" rev="2">
<attrib name="value" value="9"/></item>
<item name="DIB0" rev="2">
<attrib name="value" value="9"/></item>
<item name="DIB1" rev="2">
<attrib name="value" value="1"/></item>
<item name="DIB2" rev="2">
<attrib name="value" value="1"/></item>
<item name="DIB3" rev="2">
<attrib name="value" value="1"/></item>
<item name="DIB4" rev="2">
<attrib name="value" value="1"/></item>
<item name="DIB5" rev="2">
<attrib name="value" value="1"/></item>
<item name="DIB6" rev="2">
<attrib name="value" value="1"/></item>
<item name="DIB7" rev="2">
<attrib name="value" value="1"/></item>
<item name="DIPB0" rev="2">
<attrib name="value" value="1"/></item>
<item name="DOB" rev="2">
<attrib name="value" value="9"/></item>
<item name="ENB" rev="2">
<attrib name="value" value="9"/></item>
<item name="SSRB" rev="2">
<attrib name="value" value="9"/></item>
<item name="WEB" rev="2">
<attrib name="value" value="9"/></item>
</group>
<group name="IBUF">
<item name="I" rev="2">
<attrib name="value" value="1"/></item>
<item name="PAD" rev="2">
<attrib name="value" value="1"/></item>
</group>
<group name="SLICEL_VDDF">
<item name="1" rev="2">
<attrib name="value" value="1"/></item>
</group>
<group name="SLICEL_VDDG">
<item name="1" rev="2">
<attrib name="value" value="1"/></item>
</group>
<group name="SLICEL_C2VDD">
<item name="1" rev="2">
<attrib name="value" value="4"/></item>
</group>
<group name="SLICEL_XORF">
<item name="0" rev="2">
<attrib name="value" value="305"/></item>
<item name="1" rev="2">
<attrib name="value" value="305"/></item>
<item name="O" rev="2">
<attrib name="value" value="305"/></item>
</group>
<group name="SLICEL_FFX">
<item name="CE" rev="2">
<attrib name="value" value="184"/></item>
<item name="CK" rev="2">
<attrib name="value" value="394"/></item>
<item name="D" rev="2">
<attrib name="value" value="394"/></item>
<item name="Q" rev="2">
<attrib name="value" value="394"/></item>
<item name="SR" rev="2">
<attrib name="value" value="62"/></item>
</group>
<group name="SLICEL_FFY">
<item name="CE" rev="2">
<attrib name="value" value="175"/></item>
<item name="CK" rev="2">
<attrib name="value" value="436"/></item>
<item name="D" rev="2">
<attrib name="value" value="436"/></item>
<item name="Q" rev="2">
<attrib name="value" value="436"/></item>
<item name="SR" rev="2">
<attrib name="value" value="64"/></item>
</group>
<group name="SLICEL_XORG">
<item name="0" rev="2">
<attrib name="value" value="292"/></item>
<item name="1" rev="2">
<attrib name="value" value="292"/></item>
<item name="O" rev="2">
<attrib name="value" value="292"/></item>
</group>
<group name="BUFGMUX_GCLKMUX">
<item name="I0" rev="2">
<attrib name="value" value="6"/></item>
<item name="OUT" rev="2">
<attrib name="value" value="6"/></item>
<item name="S" rev="2">
<attrib name="value" value="6"/></item>
</group>
<group name="SLICEL_F5MUX">
<item name="F" rev="2">
<attrib name="value" value="4"/></item>
<item name="G" rev="2">
<attrib name="value" value="4"/></item>
<item name="OUT" rev="2">
<attrib name="value" value="4"/></item>
<item name="S0" rev="2">
<attrib name="value" value="4"/></item>
</group>
<group name="SLICEL_GAND">
<item name="0" rev="2">
<attrib name="value" value="1"/></item>
<item name="1" rev="2">
<attrib name="value" value="1"/></item>
<item name="O" rev="2">
<attrib name="value" value="1"/></item>
</group>
<group name="IOB_PAD">
<item name="PAD" rev="2">
<attrib name="value" value="70"/></item>
</group>
<group name="IOB">
<item name="O1" rev="2">
<attrib name="value" value="70"/></item>
<item name="OTCLK1" rev="2">
<attrib name="value" value="42"/></item>
<item name="PAD" rev="2">
<attrib name="value" value="70"/></item>
</group>
<group name="SLICEL_C1VDD">
<item name="1" rev="2">
<attrib name="value" value="15"/></item>
</group>
<group name="BUFGMUX">
<item name="I0" rev="2">
<attrib name="value" value="6"/></item>
<item name="O" rev="2">
<attrib name="value" value="6"/></item>
<item name="S" rev="2">
<attrib name="value" value="6"/></item>
</group>
<group name="SLICEL_FAND">
<item name="0" rev="2">
<attrib name="value" value="2"/></item>
<item name="1" rev="2">
<attrib name="value" value="2"/></item>
<item name="O" rev="2">
<attrib name="value" value="2"/></item>
</group>
<group name="SLICEL_F">
<item name="A1" rev="2">
<attrib name="value" value="611"/></item>
<item name="A2" rev="2">
<attrib name="value" value="367"/></item>
<item name="A3" rev="2">
<attrib name="value" value="293"/></item>
<item name="A4" rev="2">
<attrib name="value" value="210"/></item>
<item name="D" rev="2">
<attrib name="value" value="614"/></item>
</group>
<group name="SLICEL_G">
<item name="A1" rev="2">
<attrib name="value" value="602"/></item>
<item name="A2" rev="2">
<attrib name="value" value="369"/></item>
<item name="A3" rev="2">
<attrib name="value" value="317"/></item>
<item name="A4" rev="2">
<attrib name="value" value="228"/></item>
<item name="D" rev="2">
<attrib name="value" value="608"/></item>
</group>
<group name="RAMB16_RAMB16">
<item name="ADDRA" rev="2">
<attrib name="value" value="9"/></item>
<item name="ADDRB" rev="2">
<attrib name="value" value="9"/></item>
<item name="DIA" rev="2">
<attrib name="value" value="9"/></item>
<item name="DIB" rev="2">
<attrib name="value" value="9"/></item>
<item name="DOA" rev="2">
<attrib name="value" value="9"/></item>
<item name="DOB" rev="2">
<attrib name="value" value="9"/></item>
</group>
<group name="SLICEL_GNDF">
<item name="0" rev="2">
<attrib name="value" value="294"/></item>
</group>
<group name="SLICEL_GNDG">
<item name="0" rev="2">
<attrib name="value" value="286"/></item>
</group>
</ReportPinData>
<CmdHistory>
</CmdHistory>
</DeviceUsageSummary>
