<?xml version="1.0" encoding="UTF-8" ?>
<document>
<!--The data in this file is primarily intended for consumption by Xilinx tools.
The structure and the elements are likely to change over the next few releases.
This means code written to parse this file will need to be revisited each subsequent release.-->
<application name="pn" timeStamp="Wed Nov 22 00:41:30 2017">
<section name="Project Information" visible="false">
<property name="ProjectID" value="7285E1C1E422400DAFE76C306C7552B6" type="project"/>
<property name="ProjectIteration" value="2" type="project"/>
<property name="ProjectFile" value="D:/Xilinx/WORKING/linear filtering/masking2.xise" type="project"/>
<property name="ProjectCreationTimestamp" value="2017-02-13T14:17:58" type="project"/>
</section>
<section name="Project Statistics" visible="true">
<property name="PROPEXT_xstUseClockEnable_virtex5" value="Yes" type="process"/>
<property name="PROPEXT_xstUseSyncReset_virtex5" value="Yes" type="process"/>
<property name="PROPEXT_xstUseSyncSet_virtex5" value="Yes" type="process"/>
<property name="PROP_Enable_Message_Filtering" value="false" type="design"/>
<property name="PROP_FitterReportFormat" value="HTML" type="process"/>
<property name="PROP_LastAppliedGoal" value="Balanced" type="design"/>
<property name="PROP_LastAppliedStrategy" value="Xilinx Default (unlocked)" type="design"/>
<property name="PROP_ManualCompileOrderImp" value="false" type="design"/>
<property name="PROP_PropSpecInProjFile" value="Store all values" type="design"/>
<property name="PROP_SelectedInstanceHierarchicalPath" value="/test16" type="process"/>
<property name="PROP_Simulator" value="ISim (VHDL/Verilog)" type="design"/>
<property name="PROP_SynthTopFile" value="changed" type="process"/>
<property name="PROP_Top_Level_Module_Type" value="HDL" type="design"/>
<property name="PROP_UseSmartGuide" value="false" type="design"/>
<property name="PROP_UserConstraintEditorPreference" value="Text Editor" type="process"/>
<property name="PROP_intProjectCreationTimestamp" value="2017-02-13T14:17:58" type="design"/>
<property name="PROP_intWbtProjectID" value="7285E1C1E422400DAFE76C306C7552B6" type="design"/>
<property name="PROP_intWbtProjectIteration" value="2" type="process"/>
<property name="PROP_intWorkingDirLocWRTProjDir" value="Same" type="design"/>
<property name="PROP_intWorkingDirUsed" value="No" type="design"/>
<property name="PROP_selectedSimRootSourceNode_behav" value="work.test16" type="process"/>
<property name="PROPEXT_mapTimingMode_virtex5" value="Non Timing Driven" type="process"/>
<property name="PROP_AutoTop" value="false" type="design"/>
<property name="PROP_DevFamily" value="Virtex6" type="design"/>
<property name="PROP_DevDevice" value="xc6vlx75t" type="design"/>
<property name="PROP_DevFamilyPMName" value="virtex6" type="design"/>
<property name="PROP_ISimSimulationRunTime_behav_tb" value="499800 ns" type="process"/>
<property name="PROP_DevPackage" value="ff484" type="design"/>
<property name="PROP_Synthesis_Tool" value="XST (VHDL/Verilog)" type="design"/>
<property name="PROP_DevSpeed" value="-2" type="design"/>
<property name="PROP_PreferredLanguage" value="Verilog" type="design"/>
<property name="FILE_COREGEN" value="1" type="source"/>
<property name="FILE_VHDL" value="16" type="source"/>
</section>
</application>
</document>
